ancestry	authorization_state	provenance_state	defeater_state	revision_state
PROSPECTIVE_AUTH	PROSPECTIVE	NONE	NONE	NONE
RETROSPECTIVE_RATIFICATION	RETROSPECTIVE	NONE	NONE	NONE
AMENDMENT_AUTH	AMENDMENT	NONE	NONE	NONE
PROSPECTIVE_AUTH_ROUTE_1	PROSPECTIVE	NONE	NONE	NONE
PROSPECTIVE_AUTH_ROUTE_2	PROSPECTIVE	NONE	NONE	NONE
AUTHORIZED	PROSPECTIVE	NONE	NONE	NONE
UNAUTHORIZED	UNAUTHORIZED	NONE	NONE	NONE
TWO_INDEPENDENT_ROOTS	NONE	INDEPENDENT_MULTIROOT	NONE	NONE
TWO_ALIASES_ONE_ROOT	NONE	COMMON_MODE_SINGLE_ROOT	NONE	NONE
THREE_INDEPENDENT_ROOTS	NONE	INDEPENDENT_MULTIROOT	NONE	NONE
THREE_DERIVATIVES_ONE_ROOT	NONE	COMMON_MODE_SINGLE_ROOT	NONE	NONE
INDEPENDENT_ROOTS_XY	NONE	INDEPENDENT_MULTIROOT	NONE	NONE
INDEPENDENT_ROOTS_UV	NONE	INDEPENDENT_MULTIROOT	NONE	NONE
ROOT_DAG_HISTORY_X_CLASS_Q	NONE	ROOT_CLASS_Q	NONE	NONE
ROOT_DAG_HISTORY_Y_CLASS_Q	NONE	ROOT_CLASS_Q	NONE	NONE
CHALLENGED_SURVIVED_D1	NONE	NONE	SURVIVED_D1	NONE
D1_AVAILABLE_UNRUN	NONE	NONE	AVAILABLE_UNRUN_D1	NONE
D1_BLOCKED	NONE	NONE	BLOCKED_D1	NONE
D1_UNAVAILABLE_AT_TIME	NONE	NONE	UNAVAILABLE_D1	NONE
SURVIVED_D1	NONE	NONE	SURVIVED_OTHER	NONE
SURVIVED_D2	NONE	NONE	SURVIVED_OTHER	NONE
REASON_CONTINUITY	NONE	NONE	NONE	REASON_CONTINUITY
REASON_MUTATION	NONE	NONE	NONE	REASON_MUTATION
MONOTONE_REFINEMENT	NONE	NONE	NONE	MONOTONE_REFINEMENT
REVERSAL_LINEAGE	NONE	NONE	NONE	REVERSAL
MUTATION_PATH_X	NONE	NONE	NONE	PATH_EQUIV
MUTATION_PATH_Y	NONE	NONE	NONE	PATH_EQUIV
LONG_HISTORY_X_SAME_MATERIAL_CERT	NONE	NONE	NONE	MATERIAL_CERT_EQUIV
LONG_HISTORY_Y_SAME_MATERIAL_CERT	NONE	NONE	NONE	MATERIAL_CERT_EQUIV
TIMESTAMP_EARLY	NONE	NONE	NONE	NONE
TIMESTAMP_LATE	NONE	NONE	NONE	NONE
RECEIPT_JSON	NONE	NONE	NONE	NONE
RECEIPT_CBOR	NONE	NONE	NONE	NONE
RAW_HISTORY_X_POSTERIOR_P	NONE	NONE	NONE	NONE
RAW_HISTORY_Y_POSTERIOR_P	NONE	NONE	NONE	NONE
