pair_id	family	present_surface_hash	current_rule	current_verdict	ancestry_A	ancestry_B	intervention	expected_A	expected_B	expected_pair_relation	baseline_probe	causal_swap	control_type
A1_AUTH_PROSPECTIVE_RETRO	authorization	PS-A1	R-A	ACCEPT_WITH_AUDIT	PROSPECTIVE_AUTH	RETROSPECTIVE_RATIFICATION	AUTHORIZATION_CHECK	STABLE	HOLD_REAUTHORIZE	SEPARATES	PRESPECIFICATION_GOVERNANCE	YES	TARGET
A2_AUTH_AMEND_RETRO	authorization	PS-A2	R-A	ACCEPT_WITH_AUDIT	AMENDMENT_AUTH	RETROSPECTIVE_RATIFICATION	REVISION_REPLAY	STABLE	REOPEN_REQUIRED	SEPARATES	REVISION_GOVERNANCE	YES	TARGET
A3_AUTH_EQUIV_ROUTE_NULL	authorization	PS-A3	R-A	ACCEPT_WITH_AUDIT	PROSPECTIVE_AUTH_ROUTE_1	PROSPECTIVE_AUTH_ROUTE_2	AUTHORIZATION_CHECK	STABLE	STABLE	FUNGIBLE	PRESPECIFICATION_GOVERNANCE	YES	NULL
B1_ROOT_INDEPENDENT_COMMONMODE	provenance	PS-B1	R-B	ACCEPT_WITH_AUDIT	TWO_INDEPENDENT_ROOTS	TWO_ALIASES_ONE_ROOT	WITHDRAW_ANCESTRY_SUPPORT	STABLE	REOPEN_REQUIRED	SEPARATES	PROVENANCE_DAG	YES	TARGET
B2_ROOT_REPRODUCE	provenance	PS-B2	R-B	ACCEPT_WITH_AUDIT	THREE_INDEPENDENT_ROOTS	THREE_DERIVATIVES_ONE_ROOT	REPRODUCE_UNDER_INDEPENDENT_ANCESTRY	STABLE	REOPEN_REQUIRED	SEPARATES	PROVENANCE_DAG	YES	TARGET
B3_ROOT_ISOMORPHIC_NULL	provenance	PS-B3	R-B	ACCEPT_WITH_AUDIT	INDEPENDENT_ROOTS_XY	INDEPENDENT_ROOTS_UV	WITHDRAW_ANCESTRY_SUPPORT	STABLE	STABLE	FUNGIBLE	PROVENANCE_DAG	YES	NULL
C1_DEFEATER_SURVIVED_UNRUN	defeater	PS-C1	R-C	ACCEPT_WITH_AUDIT	CHALLENGED_SURVIVED_D1	D1_AVAILABLE_UNRUN	REOPEN_WITH_HELD_OUT_DEFEATER	STABLE	REOPEN_REQUIRED	SEPARATES	AUDIT_STATE_AUGMENTATION	YES	TARGET
C2_DEFEATER_BLOCKED_UNAVAILABLE	defeater	PS-C2	R-C	ACCEPT_WITH_AUDIT	D1_BLOCKED	D1_UNAVAILABLE_AT_TIME	REOPEN_WITH_HELD_OUT_DEFEATER	REOPEN_REQUIRED	REOPEN_REQUIRED	FUNGIBLE	AUDIT_STATE_AUGMENTATION	YES	NULL
C3_DEFEATER_DIFFERENT_SURVIVALS	defeater	PS-C3	R-C	ACCEPT_WITH_AUDIT	SURVIVED_D1	SURVIVED_D2	REOPEN_WITH_HELD_OUT_DEFEATER_D3	REOPEN_REQUIRED	REOPEN_REQUIRED	FUNGIBLE	PREDICTIVE_STATE_BASELINE	YES	NULL
D1_REASON_CONTINUITY_MUTATION	revision	PS-D1	R-D	ACCEPT_WITH_AUDIT	REASON_CONTINUITY	REASON_MUTATION	REVISION_REPLAY	STABLE	HOLD_REASON_RECONSTITUTE	SEPARATES	BELIEF_PREFERENCE_REVISION	YES	TARGET
D2_REFINEMENT_REVERSAL	revision	PS-D2	R-D	ACCEPT_WITH_AUDIT	MONOTONE_REFINEMENT	REVERSAL_LINEAGE	COUNTERFACTUAL_RECONSTITUTION	STABLE	REOPEN_REQUIRED	SEPARATES	BELIEF_PREFERENCE_REVISION	YES	TARGET
D3_REASON_PATH_NULL	revision	PS-D3	R-D	ACCEPT_WITH_AUDIT	MUTATION_PATH_X	MUTATION_PATH_Y	AUTHORIZATION_CHECK	STABLE	STABLE	FUNGIBLE	CAUSAL_STATE_QUOTIENT	YES	NULL
E1_TIMESTAMP_NULL	irrelevant_history	PS-E1	R-E	ACCEPT_LOCAL	TIMESTAMP_EARLY	TIMESTAMP_LATE	AUDIT_SOURCE	STABLE	STABLE	FUNGIBLE	HISTORY_COMPRESSION	YES	NULL
E2_SERIALIZATION_NULL	irrelevant_history	PS-E2	R-E	ACCEPT_LOCAL	RECEIPT_JSON	RECEIPT_CBOR	AUDIT_SOURCE	STABLE	STABLE	FUNGIBLE	HISTORY_COMPRESSION	YES	NULL
F1_AUTH_BIT_BASELINE_WIN	baseline_control	PS-F1	R-F	ACCEPT_WITH_AUDIT	AUTHORIZED	UNAUTHORIZED	AUTHORIZATION_CHECK	STABLE	HOLD_REAUTHORIZE	SEPARATES	CURRENT_AUTHORIZATION_BIT	YES	BASELINE_WIN
F2_BELIEF_STATE_BASELINE_WIN	baseline_control	PS-F2	R-F	ACCEPT_WITH_AUDIT	RAW_HISTORY_X_POSTERIOR_P	RAW_HISTORY_Y_POSTERIOR_P	SCOPE_EXPANSION	STABLE	STABLE	FUNGIBLE	BELIEF_STATE	NO	BASELINE_WIN
F3_ROOT_QUOTIENT_BASELINE_WIN	baseline_control	PS-F3	R-F	ACCEPT_WITH_AUDIT	ROOT_DAG_HISTORY_X_CLASS_Q	ROOT_DAG_HISTORY_Y_CLASS_Q	WITHDRAW_ANCESTRY_SUPPORT	STABLE	STABLE	FUNGIBLE	PROVENANCE_ROOT_QUOTIENT	NO	BASELINE_WIN
F4_FULL_HISTORY_OVERRETENTION	baseline_control	PS-F4	R-F	ACCEPT_WITH_AUDIT	LONG_HISTORY_X_SAME_MATERIAL_CERT	LONG_HISTORY_Y_SAME_MATERIAL_CERT	REVISION_REPLAY	STABLE	STABLE	FUNGIBLE	MINIMAL_SUFFICIENT_STATE	NO	BASELINE_WIN
