case_id	contact	scientific_split	feasibility	permission	budget	scope_kind	expected
D1_SCI	RIVAL_X	YES	AVAILABLE	PERMITTED	LOW	SCIENTIFIC_RELEVANCE	DOWNGRADE
D1_EXEC	RIVAL_X	YES	AVAILABLE	PERMITTED	LOW	CURRENT_EXECUTION	DOWNGRADE
D2_SCI	INST_Z	YES	CURRENTLY_UNREALIZABLE	PERMITTED	LOW	SCIENTIFIC_RELEVANCE	DOWNGRADE_DEBT
D2_EXEC	INST_Z	YES	CURRENTLY_UNREALIZABLE	PERMITTED	LOW	CURRENT_EXECUTION	STABLE_SCOPED
D3_SCI	INST_Z	YES	AVAILABLE	PERMITTED	LOW	SCIENTIFIC_RELEVANCE	DOWNGRADE
D3_EXEC	INST_Z	YES	AVAILABLE	PERMITTED	LOW	CURRENT_EXECUTION	DOWNGRADE
D4_SCI	ETH_H	YES	AVAILABLE	BLOCKED_ETHICS	LOW	SCIENTIFIC_RELEVANCE	DOWNGRADE_DEBT
D4_EXEC	ETH_H	YES	AVAILABLE	BLOCKED_ETHICS	LOW	CURRENT_EXECUTION	STABLE_SCOPED
D5_SCI	ETH_H	YES	AVAILABLE	PERMITTED	LOW	SCIENTIFIC_RELEVANCE	DOWNGRADE
D5_EXEC	ETH_H	YES	AVAILABLE	PERMITTED	LOW	CURRENT_EXECUTION	DOWNGRADE
D6_SCI	COST_Q	YES	AVAILABLE	PERMITTED	HIGH	SCIENTIFIC_RELEVANCE	DOWNGRADE_DEBT
D6_EXEC	COST_Q	YES	AVAILABLE	PERMITTED	HIGH	CURRENT_EXECUTION	STABLE_SCOPED
D7_SCI	COST_Q	YES	AVAILABLE	PERMITTED	LOW	SCIENTIFIC_RELEVANCE	DOWNGRADE
D7_EXEC	COST_Q	YES	AVAILABLE	PERMITTED	LOW	CURRENT_EXECUTION	DOWNGRADE
D8_SCI	THEORY_R	NO	AVAILABLE	PERMITTED	LOW	SCIENTIFIC_RELEVANCE	STABLE
D8_EXEC	THEORY_R	NO	AVAILABLE	PERMITTED	LOW	CURRENT_EXECUTION	STABLE