case_id	state_id	trigger	expected_admission	expected_scientific_status	expected_closure_effect	control
G1	S_THEORY	RIVAL_ENTRY	NONE	NO_NEW_CONTACT	UNCHANGED	self_sealing
G2	S_PLURAL	RIVAL_ENTRY	RIVAL_X	NEW_SEPARATOR	DOWNGRADE	plurality_target
T1	S_PLURAL	TECH_UNLOCK	NONE	RELEVANT_BUT_UNREALIZABLE	UNCHANGED	pre_unlock
T2	S_TECH1	TECH_UNLOCK	INST_Z	NEW_SEPARATOR	DOWNGRADE	technology_unlock
E1	S_PLURAL	ETHICS_REVIEW	NONE	ETH_H_STILL_SCIENTIFICALLY_RELEVANT	UNCHANGED	ethics_block
E2	S_ETHICS1	ETHICS_REVIEW	ETH_H	EXECUTION_PERMISSION_CHANGED	DOWNGRADE	ethics_change
B1	S_PLURAL	BUDGET_UNLOCK	NONE	COST_Q_STILL_SCIENTIFICALLY_RELEVANT	UNCHANGED	budget_block
B2	S_BUDGET1	BUDGET_UNLOCK	COST_Q	EXECUTION_FEASIBILITY_CHANGED	DOWNGRADE	budget_change
A1	S_PLURAL	RIVAL_ENTRY	RIVAL_X	NEW_SEPARATOR	DOWNGRADE	ancestry_reference
A2	S_PLURAL_ALT	RIVAL_ENTRY	RIVAL_X	NEW_SEPARATOR	DOWNGRADE	ancestry_null
