case_id	domain	old_distinctions	new_states	witness	model_independent	semantic_scope_preserved	new_capability	expected
R1	NATSCI	A,B	A,B	LOSSLESS_INVERSE	YES	YES	NO	RECOVERABLE_EXACT
R2	NATSCI	A,B	Z1,Z2	CLAIM_SUFFICIENT_DECODER	YES	YES	NO	RECOVERABLE_SCOPE
R3	NATSCI	A,B	Z	POSTHOC_PREDICTOR	NO	YES	NO	NOT_RECOVERABLE_POSTHOC
R4	NATSCI	A,B	B,C	PARTIAL_BRIDGE	YES	YES	YES	NOT_RECOVERABLE_HIDDEN_LOSS
R5	NATSCI	A,B	Z1,Z2,Z3	BLACKWELL_GARBLING	YES	YES	YES	RECOVERABLE_LOCAL_BASELINE
R6	NATSCI	A,B	A,B	CALIBRATION_BRIDGE	YES	YES	NO	RECOVERABLE_SCOPE
R7	NATSCI	A,B	A,B	SUCCESSOR_SELF_MODEL	NO	YES	NO	HOLD_MODEL_DEPENDENT
R8	NATSCI	A,B	Z	LOWER_UNCERTAINTY_ONLY	YES	YES	YES	NOT_RECOVERABLE_LOSSY
R9	MATH	P,Q	P,Q	CONSERVATIVE_EXTENSION	YES	YES	YES	RECOVERABLE_RELATIVE
R10	MATH	P,Q	P,Q,R	CHECKED_CERTIFICATE	YES	YES	YES	RECOVERABLE_RELATIVE
R11	MATH	P,Q	Q,R	NONCONSERVATIVE_EXTENSION	YES	NO	YES	NOT_RECOVERABLE_SEMANTIC
R12	MATH	P,Q	Z	LABEL_TRANSLATION_ONLY	NO	NO	NO	HOLD_UNEARNED