case_id	domain	nominal_recovery	perturbation_stable	independent_separator	semantic_bridge	adds_new	expected
P1	NATSCI	YES	YES	YES	YES	NO	ROBUST_RECOVERABLE
P2	NATSCI	YES	NO	YES	YES	YES	NOMINAL_ONLY_NOT_DOMINANT
P3	NATSCI	YES	NO	NO	YES	NO	HOLD_SELF_MODEL
P4	NATSCI	NO	NO	YES	YES	YES	HIDDEN_LOSS_NOT_DOMINANT
P5	NATSCI	YES	YES	YES	YES	YES	ROBUST_LOCAL_DOMINANCE
P6	NATSCI	YES	YES	YES	YES	NO	ROBUST_CALIBRATION_BRIDGE
P7	NATSCI	YES	NO	NO	YES	YES	HOLD_SURROGATE
P8	NATSCI	YES	YES	YES	YES	YES	ROBUST_SEPARATOR_REFINEMENT
P9	MATH	YES	YES	YES	YES	NO	ROBUST_RELATIVE
P10	MATH	YES	YES	YES	YES	YES	ROBUST_RELATIVE_DOMINANCE
P11	MATH	YES	NO	YES	NO	YES	NONCONSERVATIVE_HOLD
P12	MATH	YES	YES	NO	NO	NO	LABEL_ONLY_HOLD