record,selected_beat_index,reference_N_sample,q1_N_sample,q2_N_sample,q1_QRS_onset_sample,q1_T_end_sample,q2_QRS_onset_sample,q2_T_end_sample,q1_QT_ms,q2_QT_ms,paired_complete,q2_minus_q1_QT_ms,abs_disagreement_ge_40ms
sel100,0,150330,150330,150330,150316,150419,150316,150419,412.0,412.0,1,0.0,0
sel100,1,150529,150529,150529,150514,150611,150514,150611,388.0,388.0,1,0.0,0
sel100,2,150728,150728,150728,150715,150806,150715,150806,364.0,364.0,1,0.0,0
sel100,3,150925,150925,150925,150911,151005,150911,151005,376.0,376.0,1,0.0,0
sel100,4,151129,151129,151129,151114,151213,151114,151213,396.0,396.0,1,0.0,0
sel100,5,151327,151327,151327,151309,151415,151309,151415,424.0,424.0,1,0.0,0
sel100,6,151535,151535,151535,151519,151627,151519,151627,432.0,432.0,1,0.0,0
sel100,7,151747,151747,151747,151732,151830,151732,151830,392.0,392.0,1,0.0,0
sel100,8,151952,151952,151952,151937,152034,151937,152034,388.0,388.0,1,0.0,0
sel100,9,152139,152139,152139,152124,152223,152124,152223,396.0,396.0,1,0.0,0
sel100,10,152332,152332,152332,152318,152412,152318,152412,376.0,376.0,1,0.0,0
sel100,11,152530,152530,152530,152521,152615,152521,152615,376.0,376.0,1,0.0,0
sel100,12,152731,152731,152731,152718,152814,152718,152814,384.0,384.0,1,0.0,0
sel100,13,152921,152921,152921,152905,153004,152905,153004,396.0,396.0,1,0.0,0
sel100,14,153128,153126,153126,153113,153215,153113,153215,408.0,408.0,1,0.0,0
sel100,15,153339,153339,153339,153323,153430,153323,153430,428.0,428.0,1,0.0,0
sel100,16,153542,153542,153542,153527,153627,153527,153627,400.0,400.0,1,0.0,0
sel100,17,153721,153721,153721,153707,153808,153707,153808,404.0,404.0,1,0.0,0
sel100,18,153913,153913,153913,153897,153994,153897,153994,388.0,388.0,1,0.0,0
sel100,19,154114,154114,154114,154100,154203,154100,154203,412.0,412.0,1,0.0,0
sel100,20,154326,154326,154326,154311,154414,154311,154414,412.0,412.0,1,0.0,0
sel100,21,154523,154523,154523,154503,154607,154503,154607,416.0,416.0,1,0.0,0
sel100,22,154723,154723,154723,154708,154818,154708,154818,440.0,440.0,1,0.0,0
sel100,23,154934,154934,154934,154916,155020,154916,155020,416.0,416.0,1,0.0,0
sel100,24,155136,155136,155136,155124,155213,155124,155213,356.0,356.0,1,0.0,0
sel100,25,155316,155316,155316,155305,155395,155305,155395,360.0,360.0,1,0.0,0
sel100,26,155504,155504,155504,155490,155599,155490,155599,436.0,436.0,1,0.0,0
sel100,27,155704,155704,155704,155691,155785,155691,155785,376.0,376.0,1,0.0,0
sel100,28,155914,155914,155914,155899,156002,155899,156002,412.0,412.0,1,0.0,0
sel100,29,156110,156110,156110,156092,156196,156092,156196,416.0,416.0,1,0.0,0
sel102,0,150253,150253,150247,150229,150346,150235,150347,468.0,448.0,1,-20.0,0
sel102,1,150453,150453,150453,150427,150554,150437,150559,508.0,488.0,1,-20.0,0
sel102,2,150663,150663,150663,150641,150765,150645,,496.0,,0,,
sel102,3,150875,150875,,150852,150979,,,508.0,,0,,
sel102,4,151086,151086,,151065,151184,,,476.0,,0,,
sel102,5,151313,151313,,151278,151398,,,480.0,,0,,
sel102,6,152106,152106,,152081,152208,,,508.0,,0,,
sel102,7,152321,152321,,152307,152422,,,460.0,,0,,
sel102,8,152548,152548,,152516,152633,,,468.0,,0,,
sel102,9,152744,152744,,152722,152844,,,488.0,,0,,
sel102,10,152954,152954,,152932,153054,,,488.0,,0,,
sel102,11,153159,153159,,153136,153260,,,496.0,,0,,
sel102,12,153363,153363,,153331,153448,,,468.0,,0,,
sel102,13,153555,153555,,153535,153649,,,456.0,,0,,
sel102,14,153765,153765,,153743,153862,,,476.0,,0,,
sel102,15,153983,153983,,153961,154083,,,488.0,,0,,
sel102,16,154816,154816,,154782,154894,,,448.0,,0,,
sel102,17,155015,155015,,154983,155100,,,468.0,,0,,
sel102,18,155224,155224,,155189,155305,,,464.0,,0,,
sel102,19,155439,155439,,155402,155524,,,488.0,,0,,
sel102,20,155656,155656,,155620,155740,,,480.0,,0,,
sel102,21,155858,155858,,155825,155944,,,476.0,,0,,
sel102,22,156057,156057,,156027,156141,,,456.0,,0,,
sel102,23,156265,156263,,156233,156347,,,456.0,,0,,
sel102,24,157095,157095,,157058,157183,,,500.0,,0,,
sel102,25,157301,157298,,157277,157394,,,468.0,,0,,
sel102,26,158117,158117,,158087,158199,,,448.0,,0,,
sel102,27,158315,158315,,158296,158423,,,508.0,,0,,
sel102,28,158531,158531,,158507,158634,,,508.0,,0,,
sel102,29,158755,158755,,158723,158850,,,508.0,,0,,
sel102,30,158950,158950,,158928,159045,,,468.0,,0,,
sel102,31,159154,159154,,159127,159236,,,436.0,,0,,
sel102,32,159356,159356,,159322,159442,,,480.0,,0,,
sel102,33,159562,159562,,159533,159647,,,456.0,,0,,
sel102,34,161009,161009,,160979,161098,,,476.0,,0,,
sel102,35,161223,161223,,161190,161314,,,496.0,,0,,
sel102,36,162655,162655,,162633,162765,,,528.0,,0,,
sel102,37,162869,162869,,162854,162981,,,508.0,,0,,
sel102,38,163082,163082,,163059,163186,,,508.0,,0,,
sel102,39,163291,163291,,163270,163390,,,480.0,,0,,
sel102,40,163494,163494,,163471,163596,,,500.0,,0,,
sel102,41,163699,163699,,163682,163791,,,436.0,,0,,
sel102,42,163907,163907,,163878,163992,,,456.0,,0,,
sel102,43,164108,164108,,164079,164195,,,464.0,,0,,
sel102,44,164316,164316,,164294,164414,,,480.0,,0,,
sel102,45,164530,164530,,164513,164632,,,476.0,,0,,
sel102,46,164736,164736,,164719,164835,,,464.0,,0,,
sel102,47,164944,164944,,164922,165036,,,456.0,,0,,
sel102,48,165144,165144,,165120,165242,,,488.0,,0,,
sel102,49,165549,165549,,165526,165641,,,460.0,,0,,
sel102,50,168652,168652,,168634,168753,,,476.0,,0,,
sel102,51,168867,168867,,168845,168961,,,464.0,,0,,
sel102,52,169899,169899,,169873,169983,,,440.0,,0,,
sel102,53,170956,170956,,170923,171037,,,456.0,,0,,
sel102,54,171348,171348,,171319,171439,,,480.0,,0,,
sel102,55,171982,171982,,171954,172074,,,480.0,,0,,
sel102,56,172806,172806,,172783,172894,,,444.0,,0,,
sel102,57,173003,173006,,172973,173096,,,492.0,,0,,
sel102,58,175308,175308,,175268,175385,,,468.0,,0,,
sel102,59,175699,175699,,175670,175792,,,488.0,,0,,
sel102,60,176958,176958,,176917,177034,,,468.0,,0,,
sel102,61,178610,178610,,178571,178685,,,456.0,,0,,
sel102,62,181494,181494,,181467,181579,,,448.0,,0,,
sel102,63,182951,182951,,182918,183035,,,468.0,,0,,
sel102,64,183146,183146,,183119,183233,,,456.0,,0,,
sel102,65,183352,183352,,183325,183431,,,424.0,,0,,
sel102,66,184392,184392,,184364,184478,,,456.0,,0,,
sel102,67,185848,185848,,185817,185939,,,488.0,,0,,
sel102,68,186044,186044,,186023,186127,,,416.0,,0,,
sel102,69,186657,186657,,186622,186744,,,488.0,,0,,
sel102,70,187493,187493,,187469,187575,,,424.0,,0,,
sel102,71,189147,189147,,189117,189227,,,440.0,,0,,
sel102,72,190792,190792,,190769,190876,,,428.0,,0,,
sel102,73,191645,191645,,191602,191722,,,480.0,,0,,
sel102,74,191849,191849,,191813,191922,,,436.0,,0,,
sel102,75,194753,194753,,194707,194826,,,476.0,,0,,
sel102,76,194953,194953,,194915,195027,,,448.0,,0,,
sel102,77,196406,196406,,196368,196480,,,448.0,,0,,
sel102,78,196603,196603,,196564,196678,,,456.0,,0,,
sel102,79,201983,201983,,201950,202059,,,436.0,,0,,
sel102,80,205299,205299,,205258,205380,,,488.0,,0,,
sel102,81,205498,205498,,205456,205568,,,448.0,,0,,
sel102,82,220986,220986,,220957,221079,,,488.0,,0,,
sel102,83,223681,223681,,223650,223764,,,456.0,,0,,
sel102,84,224092,224092,,224067,224181,,,456.0,,0,,
sel103,0,150282,150280,150282,150270,150371,150269,150368,404.0,396.0,1,-8.0,0
sel103,1,150489,150489,150489,150476,150580,150476,150576,416.0,400.0,1,-16.0,0
sel103,2,150695,150695,150695,150684,150783,150682,150779,396.0,388.0,1,-8.0,0
sel103,3,150904,150904,150904,150892,150998,150892,150999,424.0,428.0,1,4.0,0
sel103,4,151124,151125,151124,151112,151212,151116,151218,400.0,408.0,1,8.0,0
sel103,5,151343,151343,151343,151332,151436,151329,151435,416.0,424.0,1,8.0,0
sel103,6,151566,151566,151566,151550,151665,151553,151667,460.0,456.0,1,-4.0,0
sel103,7,151792,151792,151792,151780,151883,151780,151883,412.0,412.0,1,0.0,0
sel103,8,151998,151998,151998,151985,152079,151983,152088,376.0,420.0,1,44.0,1
sel103,9,152203,152203,152203,152193,152287,152187,152290,376.0,412.0,1,36.0,0
sel103,10,152411,152411,152411,152398,152503,152398,152505,420.0,428.0,1,8.0,0
sel103,11,152629,152629,152629,152617,152719,152612,152722,408.0,440.0,1,32.0,0
sel103,12,152848,152848,152848,152833,152935,152832,152936,408.0,416.0,1,8.0,0
sel103,13,153061,153061,153061,153054,153153,153049,153154,396.0,420.0,1,24.0,0
sel103,14,153284,153284,153284,153270,153372,153269,153372,408.0,412.0,1,4.0,0
sel103,15,153495,153494,153495,153483,153575,153482,153576,368.0,376.0,1,8.0,0
sel103,16,153694,153694,153694,153680,153776,153680,153780,384.0,400.0,1,16.0,0
sel103,17,153901,153901,153901,153888,153989,153888,153989,404.0,404.0,1,0.0,0
sel103,18,154118,154118,154118,154104,154215,154106,154213,444.0,428.0,1,-16.0,0
sel103,19,154338,154338,154338,154325,154442,154326,154433,468.0,428.0,1,-40.0,1
sel103,20,154556,154556,154556,154542,154647,154542,154647,420.0,420.0,1,0.0,0
sel103,21,154778,154778,154778,154764,154868,154764,154871,416.0,428.0,1,12.0,0
sel103,22,154989,154988,154989,154978,155074,154974,155076,384.0,408.0,1,24.0,0
sel103,23,155195,155195,155195,155186,155277,155183,155284,364.0,404.0,1,40.0,1
sel103,24,155404,155404,155404,155389,155491,155391,155489,408.0,392.0,1,-16.0,0
sel103,25,155616,155616,155616,155600,155707,155602,155704,428.0,408.0,1,-20.0,0
sel103,26,155844,155844,155844,155831,155941,155830,155933,440.0,412.0,1,-28.0,0
sel103,27,156063,156060,156063,156050,156154,156048,156153,416.0,420.0,1,4.0,0
sel103,28,156276,156273,156276,156264,156365,156265,156366,404.0,404.0,1,0.0,0
sel103,29,156492,156492,156492,156479,156573,156479,156580,376.0,404.0,1,28.0,0
sel114,0,150246,150246,150246,150227,150351,150231,150352,496.0,484.0,1,-12.0,0
sel114,1,150485,150485,150485,150465,150603,150469,150629,552.0,640.0,1,88.0,1
sel114,2,150736,150736,150736,150720,150831,150719,150836,444.0,468.0,1,24.0,0
sel114,3,150976,150976,150976,150963,151072,150959,151068,436.0,436.0,1,0.0,0
sel114,4,151205,151205,151205,151188,151312,151192,151298,496.0,424.0,1,-72.0,1
sel114,5,151439,151439,151439,151421,151527,151422,151527,424.0,420.0,1,-4.0,0
sel114,6,151663,151663,151663,151649,151746,151649,151748,388.0,396.0,1,8.0,0
sel114,7,151901,151901,151901,151881,151992,151885,151994,444.0,436.0,1,-8.0,0
sel114,8,152142,152142,152142,152127,152231,152124,152238,416.0,456.0,1,40.0,1
sel114,9,152377,152377,152377,152358,152485,152360,152471,508.0,444.0,1,-64.0,1
sel114,10,152606,152606,152606,152592,152706,152589,152706,456.0,468.0,1,12.0,0
sel114,11,152840,152840,152840,152825,152938,152826,152938,452.0,448.0,1,-4.0,0
sel114,12,153067,153067,153067,153052,153156,153050,153157,416.0,428.0,1,12.0,0
sel114,13,153285,153285,153285,153268,153400,153271,153392,528.0,484.0,1,-44.0,1
sel114,14,153534,153534,153534,153517,153634,153519,153634,468.0,460.0,1,-8.0,0
sel114,15,153775,153775,153775,153756,153872,153756,153868,464.0,448.0,1,-16.0,0
sel114,16,154007,154007,154007,153992,154101,153991,154102,436.0,444.0,1,8.0,0
sel114,17,154244,154244,154244,154228,154345,154228,154345,468.0,468.0,1,0.0,0
sel114,18,154472,154472,154472,154459,154562,154456,154566,412.0,440.0,1,28.0,0
sel114,19,154694,154694,154694,154678,154777,154680,154787,396.0,428.0,1,32.0,0
sel114,20,154934,154934,154934,154914,155040,154920,155042,504.0,488.0,1,-16.0,0
sel114,21,155183,155183,155183,155168,155277,155168,155276,436.0,432.0,1,-4.0,0
sel114,22,155420,155420,155420,155404,155506,155405,155516,408.0,444.0,1,36.0,0
sel114,23,155646,155646,155646,155633,155749,155631,155738,464.0,428.0,1,-36.0,0
sel114,24,155876,155876,155876,155860,155976,155861,155972,464.0,444.0,1,-20.0,0
sel114,25,156106,156106,156106,156090,156201,156092,156194,444.0,408.0,1,-36.0,0
sel114,26,156323,156323,156323,156305,156422,156307,156420,468.0,452.0,1,-16.0,0
sel114,27,156575,156575,156575,156563,156674,156561,156673,444.0,448.0,1,4.0,0
sel114,28,156810,156810,156810,156791,156901,156796,156913,440.0,468.0,1,28.0,0
sel114,29,157035,157035,157035,157017,157130,157021,157133,452.0,448.0,1,-4.0,0
sel114,30,210471,210471,210471,210454,210583,210457,210576,516.0,476.0,1,-40.0,1
sel114,31,210741,210741,210741,210728,210840,210724,210838,448.0,456.0,1,8.0,0
sel114,32,210992,210992,210992,210975,211094,210975,211099,476.0,496.0,1,20.0,0
sel114,33,211256,211256,211256,211234,211351,211240,211350,468.0,440.0,1,-28.0,0
sel114,34,211501,211501,211501,211485,211597,211485,211594,448.0,436.0,1,-12.0,0
sel114,35,212522,212522,212522,212499,212619,212504,212617,480.0,452.0,1,-28.0,0
sel114,36,212778,212778,212778,212761,212885,212764,212882,496.0,472.0,1,-24.0,0
sel114,37,213022,213022,213022,213007,213121,213007,213135,456.0,512.0,1,56.0,1
sel114,38,213259,213259,213259,213243,213361,213246,213362,472.0,464.0,1,-8.0,0
sel114,39,213522,213522,213522,213503,213633,213507,213637,520.0,520.0,1,0.0,0
sel114,40,213785,213785,213785,213767,213901,213771,213903,536.0,528.0,1,-8.0,0
sel114,41,214031,214031,214031,214018,214138,214017,214130,480.0,452.0,1,-28.0,0
sel114,42,214286,214286,214286,214271,214384,214273,214391,452.0,472.0,1,20.0,0
sel114,43,214527,214527,214527,214519,214620,214513,214622,404.0,436.0,1,32.0,0
sel114,44,214756,214756,214756,214742,214855,214742,214861,452.0,476.0,1,24.0,0
sel114,45,215008,215008,215008,214988,215109,214991,215107,484.0,464.0,1,-20.0,0
sel114,46,215266,215266,215266,215249,215364,215251,215372,460.0,484.0,1,24.0,0
sel114,47,215506,215506,215506,215489,215602,215491,215605,452.0,456.0,1,4.0,0
sel114,48,215757,215757,215757,215741,215851,215741,215854,440.0,452.0,1,12.0,0
sel114,49,216002,216002,216002,215987,216097,215988,216100,440.0,448.0,1,8.0,0
sel116,0,150283,150283,150283,150272,150360,150272,150364,352.0,368.0,1,16.0,0
sel116,1,150467,150467,150467,150453,150545,150456,150545,368.0,356.0,1,-12.0,0
sel116,2,150655,150655,150655,150638,150737,150643,150737,396.0,376.0,1,-20.0,0
sel116,3,150842,150842,150842,150829,150923,150828,150918,376.0,360.0,1,-16.0,0
sel116,4,152321,152321,152321,152305,152400,152310,152398,380.0,352.0,1,-28.0,0
sel116,5,153101,153101,153101,153090,153189,153088,153184,396.0,384.0,1,-12.0,0
sel116,6,153885,153885,153885,153875,153963,153874,153966,352.0,368.0,1,16.0,0
sel116,7,154645,154645,154645,154632,154732,154633,154725,400.0,368.0,1,-32.0,0
sel116,8,154835,154835,154835,154825,154922,154823,154917,388.0,376.0,1,-12.0,0
sel116,9,155026,155026,155026,155013,155105,155015,155108,368.0,372.0,1,4.0,0
sel116,10,155224,155224,155224,155206,155299,155213,155303,372.0,360.0,1,-12.0,0
sel116,11,155418,155418,155418,155407,155501,155405,155499,376.0,376.0,1,0.0,0
sel116,12,155612,155612,155612,155598,155697,155599,155696,396.0,388.0,1,-8.0,0
sel116,13,155813,155813,155813,155801,155892,155800,155897,364.0,388.0,1,24.0,0
sel116,14,156010,156010,156010,155998,156098,155998,156097,400.0,396.0,1,-4.0,0
sel116,15,156214,156214,156214,156205,156291,156203,156297,344.0,376.0,1,32.0,0
sel116,16,156412,156412,156412,156400,156489,156400,156492,356.0,368.0,1,12.0,0
sel116,17,156610,156610,156610,156596,156688,156599,156694,368.0,380.0,1,12.0,0
sel116,18,156812,156812,156812,156802,156893,156797,156891,364.0,376.0,1,12.0,0
sel116,19,157007,157007,157007,156995,157081,156993,157083,344.0,360.0,1,16.0,0
sel116,20,157199,157199,157199,157191,157276,157187,157284,340.0,388.0,1,48.0,1
sel116,21,157394,157394,157394,157381,157470,157383,157474,356.0,364.0,1,8.0,0
sel116,22,157579,157579,157579,157569,157655,157566,157659,344.0,372.0,1,28.0,0
sel116,23,157773,157773,157773,157760,157852,157759,157855,368.0,384.0,1,16.0,0
sel116,24,157959,157959,157959,157943,158042,157947,158038,396.0,364.0,1,-32.0,0
sel116,25,158141,158141,158141,158129,158222,158131,158223,372.0,368.0,1,-4.0,0
sel116,26,158334,158334,158334,158321,158412,158323,158416,364.0,372.0,1,8.0,0
sel116,27,158521,158521,158521,158512,158601,158507,158599,356.0,368.0,1,12.0,0
sel116,28,158703,158703,158703,158690,158781,158691,158783,364.0,368.0,1,4.0,0
sel116,29,158891,158891,158891,158880,158969,158881,158973,356.0,368.0,1,12.0,0
sel116,30,159647,159647,159647,159633,159726,159634,159728,372.0,376.0,1,4.0,0
sel116,31,159839,159839,159839,159828,159918,159827,159917,360.0,360.0,1,0.0,0
sel116,32,160026,160026,160026,160013,160102,160015,160110,356.0,380.0,1,24.0,0
sel116,33,160209,160209,160209,160198,160293,160198,160293,380.0,380.0,1,0.0,0
sel116,34,160397,160397,160397,160384,160473,160385,160477,356.0,368.0,1,12.0,0
sel116,35,160581,160581,160581,160575,160679,160571,160663,416.0,368.0,1,-48.0,1
sel116,36,160775,160775,160775,160763,160857,160762,160860,376.0,392.0,1,16.0,0
sel116,37,161154,161154,161154,161141,161233,161142,161230,368.0,352.0,1,-16.0,0
sel116,38,166605,166605,166605,166591,166682,166595,166685,364.0,360.0,1,-4.0,0
sel116,39,166987,166987,166987,166977,167069,166979,167065,368.0,344.0,1,-24.0,0
sel116,40,167560,167560,167560,167546,167648,167548,167638,408.0,360.0,1,-48.0,1
sel116,41,168133,168133,168133,168118,168214,168124,168211,384.0,348.0,1,-36.0,0
sel116,42,169096,169096,169096,169086,169175,169084,169174,356.0,360.0,1,4.0,0
sel116,43,171919,171919,171919,171903,171997,171908,171998,376.0,360.0,1,-16.0,0
sel116,44,196419,196419,196419,196405,196498,196405,196495,372.0,360.0,1,-12.0,0
sel116,45,197552,197552,197552,197536,197635,197538,197633,396.0,380.0,1,-16.0,0
sel116,46,214875,214875,214875,214861,214955,214863,214951,376.0,352.0,1,-24.0,0
sel116,47,215454,215454,215454,215440,215537,215444,215534,388.0,360.0,1,-28.0,0
sel116,48,216220,216220,216220,216210,216298,216208,216301,352.0,372.0,1,20.0,0
sel116,49,216984,216984,216984,216972,217066,216972,217064,376.0,368.0,1,-8.0,0
sel117,0,150503,150503,150503,150492,150603,150494,150603,444.0,436.0,1,-8.0,0
sel117,1,150799,150799,150799,150789,150896,150786,150899,428.0,452.0,1,24.0,0
sel117,2,151088,151088,151088,151074,151190,151079,151188,464.0,436.0,1,-28.0,0
sel117,3,151374,151374,151374,151358,151471,151362,151469,452.0,428.0,1,-24.0,0
sel117,4,151672,151672,151672,151658,151767,151660,151772,436.0,448.0,1,12.0,0
sel117,5,151961,151961,151961,151953,152062,151951,152060,436.0,436.0,1,0.0,0
sel117,6,152254,152254,152254,152240,152359,152242,152355,476.0,452.0,1,-24.0,0
sel117,7,152544,152544,152544,152535,152645,152533,152641,440.0,432.0,1,-8.0,0
sel117,8,152838,152838,152838,152827,152936,152828,152937,436.0,436.0,1,0.0,0
sel117,9,153126,153126,153126,153114,153226,153116,153225,448.0,436.0,1,-12.0,0
sel117,10,153412,153412,153412,153398,153510,153398,153509,448.0,444.0,1,-4.0,0
sel117,11,153710,153710,153710,153696,153807,153696,153809,444.0,452.0,1,8.0,0
sel117,12,154000,154000,154000,153990,154105,153988,154103,460.0,460.0,1,0.0,0
sel117,13,154292,154292,154292,154280,154393,154280,154394,452.0,456.0,1,4.0,0
sel117,14,154586,154586,154586,154572,154686,154573,154686,456.0,452.0,1,-4.0,0
sel117,15,154872,154872,154872,154867,154981,154863,154971,456.0,432.0,1,-24.0,0
sel117,16,155160,155160,155160,155151,155258,155148,155258,428.0,440.0,1,12.0,0
sel117,17,155457,155457,155457,155444,155558,155446,155554,456.0,432.0,1,-24.0,0
sel117,18,155749,155749,155749,155733,155854,155737,155853,484.0,464.0,1,-20.0,0
sel117,19,156054,156054,156054,156041,156155,156043,156156,456.0,452.0,1,-4.0,0
sel117,20,156340,156340,156340,156330,156442,156330,156445,448.0,460.0,1,12.0,0
sel117,21,156644,156644,156644,156628,156741,156631,156742,452.0,444.0,1,-8.0,0
sel117,22,156931,156931,156931,156917,157039,156921,157034,488.0,452.0,1,-36.0,0
sel117,23,157234,157234,157234,157222,157326,157221,157331,416.0,440.0,1,24.0,0
sel117,24,157526,157526,157526,157514,157631,157516,157629,468.0,452.0,1,-16.0,0
sel117,25,157829,157829,157829,157819,157923,157815,157923,416.0,432.0,1,16.0,0
sel117,26,158125,158125,158125,158116,158226,158113,158222,440.0,436.0,1,-4.0,0
sel117,27,158417,158417,158416,158409,158515,158407,158519,424.0,448.0,1,24.0,0
sel117,28,158713,158713,158713,158701,158815,158702,158814,456.0,448.0,1,-8.0,0
sel117,29,158997,158997,158997,158986,159098,158985,159098,448.0,452.0,1,4.0,0
sel123,0,150419,150419,150418,150408,150521,150405,150519,452.0,456.0,1,4.0,0
sel123,1,150758,150758,150757,150751,150860,150748,150861,436.0,452.0,1,16.0,0
sel123,2,151102,151102,151102,151084,151203,151088,151205,476.0,468.0,1,-8.0,0
sel123,3,151417,151417,151417,151404,151518,151403,151523,456.0,480.0,1,24.0,0
sel123,4,151756,151756,151756,151749,151853,151745,151857,416.0,448.0,1,32.0,0
sel123,5,152086,152086,152086,152072,152186,152076,152188,456.0,448.0,1,-8.0,0
sel123,6,152407,152407,152407,152397,152506,152393,152509,436.0,464.0,1,28.0,0
sel123,7,152736,152736,152736,152725,152840,152722,152844,460.0,488.0,1,28.0,0
sel123,8,153057,153057,153057,153040,153157,153045,153158,468.0,452.0,1,-16.0,0
sel123,9,153378,153378,153378,153360,153480,153367,153482,480.0,460.0,1,-20.0,0
sel123,10,153682,153682,153682,153670,153778,153670,153781,432.0,444.0,1,12.0,0
sel123,11,154010,154010,154010,153995,154111,154001,154116,464.0,460.0,1,-4.0,0
sel123,12,154315,154315,154315,154300,154417,154302,154420,468.0,472.0,1,4.0,0
sel123,13,154641,154641,154641,154628,154743,154630,154741,460.0,444.0,1,-16.0,0
sel123,14,154966,154966,154966,154956,155065,154953,155071,436.0,472.0,1,36.0,0
sel123,15,155266,155266,155266,155253,155370,155253,155374,468.0,484.0,1,16.0,0
sel123,16,155565,155565,155565,155550,155672,155553,155672,488.0,476.0,1,-12.0,0
sel123,17,155887,155887,155887,155876,155991,155873,155997,460.0,496.0,1,36.0,0
sel123,18,156170,156170,156170,156152,156272,156158,156268,480.0,440.0,1,-40.0,1
sel123,19,156447,156447,156447,156437,156550,156432,156552,452.0,480.0,1,28.0,0
sel123,20,156719,156719,156719,156709,156815,156707,156822,424.0,460.0,1,36.0,0
sel123,21,156961,156963,156961,156950,157059,156948,157064,436.0,464.0,1,28.0,0
sel123,22,157208,157208,157208,157194,157303,157198,157314,436.0,464.0,1,28.0,0
sel123,23,157452,157452,157452,157443,157550,157441,157558,428.0,468.0,1,40.0,1
sel123,24,157690,157690,157690,157677,157794,157678,157798,468.0,480.0,1,12.0,0
sel123,25,157951,157951,157951,157944,158051,157942,158051,428.0,436.0,1,8.0,0
sel123,26,158321,158321,158321,158307,158425,158310,158431,472.0,484.0,1,12.0,0
sel123,27,158670,158670,158670,158660,158774,158658,158778,456.0,480.0,1,24.0,0
sel123,28,159025,159025,159025,159013,159128,159011,159134,460.0,492.0,1,32.0,0
sel123,29,159358,159358,159358,159344,159461,159347,159460,468.0,452.0,1,-16.0,0
sel213,0,150215,150215,150215,150194,150283,150199,150304,356.0,420.0,1,64.0,1
sel213,1,150352,150352,150352,150337,150415,150340,150441,312.0,404.0,1,92.0,1
sel213,2,150490,150490,150490,150474,150561,150478,150581,348.0,412.0,1,64.0,1
sel213,3,150629,150629,150629,150614,150698,150616,150716,336.0,400.0,1,64.0,1
sel213,4,150767,150767,150767,150741,150839,150748,150842,392.0,376.0,1,-16.0,0
sel213,5,150909,150909,150909,150892,150977,150899,150994,340.0,380.0,1,40.0,1
sel213,6,151043,151043,151043,151027,151106,151031,151129,316.0,392.0,1,76.0,1
sel213,7,151174,151174,151174,151157,151247,151165,151262,360.0,388.0,1,28.0,0
sel213,8,151311,151311,151311,151296,151375,151299,151400,316.0,404.0,1,88.0,1
sel213,9,151446,151446,151446,151431,151508,151437,151535,308.0,392.0,1,84.0,1
sel213,10,151588,151588,151588,151576,151652,151574,151674,304.0,400.0,1,96.0,1
sel213,11,151726,151726,151726,151713,151795,151713,151816,328.0,412.0,1,84.0,1
sel213,12,151866,151866,151866,151853,151933,151853,151954,320.0,404.0,1,84.0,1
sel213,13,152001,152001,151996,151983,152075,151987,152085,368.0,392.0,1,24.0,0
sel213,14,152142,152142,152142,152131,152206,152130,152227,300.0,388.0,1,88.0,1
sel213,15,152274,152274,152274,152259,152350,152262,152361,364.0,396.0,1,32.0,0
sel213,16,152410,152410,152410,152384,152481,152393,152484,388.0,364.0,1,-24.0,0
sel213,17,152554,152554,152554,152537,152640,152541,152644,412.0,412.0,1,0.0,0
sel213,18,152694,152694,152694,152667,152763,152665,152763,384.0,392.0,1,8.0,0
sel213,19,153243,153243,153243,153223,153306,153230,153330,332.0,400.0,1,68.0,1
sel213,20,153382,153382,153382,153367,153448,153371,153465,324.0,376.0,1,52.0,1
sel213,21,153513,153513,153513,153498,153583,153500,153604,340.0,416.0,1,76.0,1
sel213,22,153653,153653,153653,153636,153723,153639,153743,348.0,416.0,1,68.0,1
sel213,23,153793,153793,153793,153775,153865,153780,153884,360.0,416.0,1,56.0,1
sel213,24,153930,153930,153930,153916,153997,153918,154017,324.0,396.0,1,72.0,1
sel213,25,155983,155983,155983,155958,156055,155967,156069,388.0,408.0,1,20.0,0
sel213,26,158182,158182,,158162,158253,,,364.0,,0,,
sel213,27,160386,160386,160386,160359,160451,160364,160454,368.0,360.0,1,-8.0,0
sel213,28,189246,189246,189246,189229,189309,189235,189334,320.0,396.0,1,76.0,1
sel213,29,190905,190905,190905,190886,190981,190892,190998,380.0,424.0,1,44.0,1
sel213,30,191180,191180,191180,191163,191252,191167,191268,356.0,404.0,1,48.0,1
sel213,31,191462,191462,191462,191437,191539,191443,191536,408.0,372.0,1,-36.0,0
sel213,32,191740,191740,191740,191715,191815,191716,191826,400.0,440.0,1,40.0,1
sel213,33,192016,192016,192016,191997,192091,192002,192107,376.0,420.0,1,44.0,1
sel213,34,192297,192297,192297,192283,192371,192286,192371,352.0,340.0,1,-12.0,0
sel213,35,192572,192572,192572,192553,192644,192559,192665,364.0,424.0,1,60.0,1
sel213,36,192854,192854,192854,192836,192924,192841,192941,352.0,400.0,1,48.0,1
sel213,37,193401,193401,193401,193378,193470,193384,193474,368.0,360.0,1,-8.0,0
sel213,38,193683,193683,193683,193657,193753,193666,193758,384.0,368.0,1,-16.0,0
sel213,39,194230,194230,194230,194205,194301,194206,194302,384.0,384.0,1,0.0,0
sel213,40,194508,194508,194508,194483,194581,194479,194582,392.0,412.0,1,20.0,0
sel213,41,194787,194787,194787,194768,194861,194767,194878,372.0,444.0,1,72.0,1
sel213,42,195072,195072,195072,195050,195143,195054,195163,372.0,436.0,1,64.0,1
sel213,43,195343,195343,195343,195322,195412,195320,195427,360.0,428.0,1,68.0,1
sel213,44,195625,195625,195625,195598,195698,195598,195700,400.0,408.0,1,8.0,0
sel213,45,196450,196450,196450,196419,196513,196420,196518,376.0,392.0,1,16.0,0
sel213,46,196727,196727,196727,196699,196793,196698,196799,376.0,404.0,1,28.0,0
sel213,47,198107,198107,198107,198086,198174,198091,198194,352.0,412.0,1,60.0,1
sel213,48,198659,198659,198659,198631,198731,198628,198733,400.0,420.0,1,20.0,0
sel213,49,199215,199215,199215,199189,199283,199187,199285,376.0,392.0,1,16.0,0
sel213,50,200860,200860,200860,200835,200933,200835,200933,392.0,392.0,1,0.0,0
sel213,51,203068,203068,203068,203039,203139,203042,203140,400.0,392.0,1,-8.0,0
sel213,52,203612,203612,203612,203593,203684,203596,,364.0,,0,,
sel213,53,204438,204438,204438,204420,204506,204423,204528,344.0,420.0,1,76.0,1
sel213,54,204714,204714,204714,204696,204779,204691,204786,332.0,380.0,1,48.0,1
sel213,55,206644,206644,206644,206625,206718,206632,206719,372.0,348.0,1,-24.0,0
sel213,56,206923,206923,206923,206898,206994,206897,206999,384.0,408.0,1,24.0,0
sel213,57,207482,207482,207482,207457,207553,207459,207552,384.0,372.0,1,-12.0,0
sel213,58,207761,207761,207761,207744,207831,207752,207852,348.0,400.0,1,52.0,1
sel213,59,208319,208314,208319,208301,208391,208305,208405,360.0,400.0,1,40.0,1
sel213,60,208584,208584,208584,208561,208653,208566,208657,368.0,364.0,1,-4.0,0
sel213,61,208867,208867,208867,208838,208937,208837,208941,396.0,416.0,1,20.0,0
sel213,62,209143,209143,209143,209116,209217,209118,209222,404.0,416.0,1,12.0,0
sel213,63,210810,210810,210810,210789,210881,210798,210895,368.0,388.0,1,20.0,0
sel213,64,214150,214147,214150,214120,214231,214126,214218,444.0,368.0,1,-76.0,1
sel213,65,216097,216097,216097,216068,216169,216069,216169,404.0,400.0,1,-4.0,0
sel213,66,216657,216657,216657,216627,216718,216629,216728,364.0,396.0,1,32.0,0
sel213,67,219706,219706,219706,219678,219777,219676,219777,396.0,404.0,1,8.0,0
sel213,68,222190,222190,222190,222165,222262,222163,222264,388.0,404.0,1,16.0,0
sel213,69,223566,223566,223566,223538,223643,223539,223643,420.0,416.0,1,-4.0,0
sel213,70,224107,224107,224107,224086,224184,224088,224184,392.0,384.0,1,-8.0,0
sel221,0,150502,150499,150502,150488,150596,150490,150595,432.0,420.0,1,-12.0,0
sel221,1,151248,151248,151248,151231,151338,151233,151337,428.0,416.0,1,-12.0,0
sel221,2,151890,151890,151890,151882,151982,151877,151977,400.0,400.0,1,0.0,0
sel221,3,152053,152053,152053,152040,152137,152041,152141,388.0,400.0,1,12.0,0
sel221,4,152227,152227,152227,152214,152314,152215,152318,400.0,412.0,1,12.0,0
sel221,5,152379,152379,152379,152366,152470,152366,152563,416.0,788.0,1,372.0,1
sel221,6,153183,153183,153183,153170,153271,153170,153276,404.0,424.0,1,20.0,0
sel221,7,153355,153355,153355,153350,153439,153340,153441,356.0,404.0,1,48.0,1
sel221,8,154086,154085,154086,154079,154173,154074,154179,376.0,420.0,1,44.0,1
sel221,9,154257,154257,154257,154245,154343,154244,154342,392.0,392.0,1,0.0,0
sel221,10,154885,154883,154885,154875,154978,154875,154972,412.0,388.0,1,-24.0,0
sel221,11,155591,155591,155591,155575,155685,155577,155684,440.0,428.0,1,-12.0,0
sel221,12,155781,155781,155781,155770,155870,155769,155866,400.0,388.0,1,-12.0,0
sel221,13,155948,155948,155948,155935,156036,155936,156037,404.0,404.0,1,0.0,0
sel221,14,156624,156624,156624,156609,156711,156609,156710,408.0,404.0,1,-4.0,0
sel221,15,156818,156818,156818,156806,156910,156806,156913,416.0,428.0,1,12.0,0
sel221,16,156979,156979,156979,156965,157077,156969,157077,448.0,432.0,1,-16.0,0
sel221,17,157177,157177,157177,157167,157270,157166,157263,412.0,388.0,1,-24.0,0
sel221,18,157339,157339,157339,157327,157426,157329,157429,396.0,400.0,1,4.0,0
sel221,19,157545,157545,157545,157533,157633,157533,157634,400.0,404.0,1,4.0,0
sel221,20,157857,157857,157857,157847,157952,157845,157950,420.0,420.0,1,0.0,0
sel221,21,158117,158117,158117,158104,158211,158104,158207,428.0,412.0,1,-16.0,0
sel221,22,158302,158302,158302,158291,158395,158291,158390,416.0,396.0,1,-20.0,0
sel221,23,158477,158477,158477,158465,158569,158464,158570,416.0,424.0,1,8.0,0
sel221,24,158644,158644,158644,158632,158728,158631,158731,384.0,400.0,1,16.0,0
sel221,25,158839,158839,158839,158829,158926,158826,158922,388.0,384.0,1,-4.0,0
sel221,26,158980,158980,158980,158967,159062,158969,159059,380.0,360.0,1,-20.0,0
sel221,27,159132,159132,159132,159119,159212,159118,159211,372.0,372.0,1,0.0,0
sel221,28,159309,159309,159309,159299,159399,159298,159395,400.0,388.0,1,-12.0,0
sel221,29,159450,159450,159450,159434,159526,159437,159533,368.0,384.0,1,16.0,0
sel223,0,167917,167917,167918,167903,168029,167909,168004,504.0,380.0,1,-124.0,1
sel223,1,168087,168087,168087,168082,168195,168077,168172,452.0,380.0,1,-72.0,1
sel223,2,168251,168251,168251,168240,168358,168242,168340,472.0,392.0,1,-80.0,1
sel223,3,168421,168421,168421,168407,168527,168409,168511,480.0,408.0,1,-72.0,1
sel223,4,168587,168587,168587,168571,168693,168577,168677,488.0,400.0,1,-88.0,1
sel223,5,168759,168759,168759,168748,168865,168752,168844,468.0,368.0,1,-100.0,1
sel223,6,168931,168931,168931,168917,169048,168922,169017,524.0,380.0,1,-144.0,1
sel223,7,169100,169100,169100,169091,169195,169093,169182,416.0,356.0,1,-60.0,1
sel223,8,169263,169263,169263,169248,169374,169255,169352,504.0,388.0,1,-116.0,1
sel223,9,169434,169434,169434,169418,169545,169425,169527,508.0,408.0,1,-100.0,1
sel223,10,169606,169606,169606,169590,169717,169599,169692,508.0,372.0,1,-136.0,1
sel223,11,169776,169776,169776,169761,169868,169768,169853,428.0,340.0,1,-88.0,1
sel223,12,169938,169938,169938,169932,170041,169930,170023,436.0,372.0,1,-64.0,1
sel223,13,170105,170105,170105,170092,170198,170095,170193,424.0,392.0,1,-32.0,0
sel223,14,170273,170273,170273,170258,170374,170267,170366,464.0,396.0,1,-68.0,1
sel223,15,170444,170444,170444,170430,170550,170434,170539,480.0,420.0,1,-60.0,1
sel223,16,170614,170614,170614,170601,170728,170608,170706,508.0,392.0,1,-116.0,1
sel223,17,170789,170789,170789,170780,170882,170780,170868,408.0,352.0,1,-56.0,1
sel223,18,170956,170956,170956,170942,171064,170948,171046,488.0,392.0,1,-96.0,1
sel223,19,171133,171133,171133,171115,171241,171127,171223,504.0,384.0,1,-120.0,1
sel223,20,171305,171305,171305,171293,171419,171300,171399,504.0,396.0,1,-108.0,1
sel223,21,171476,171476,171476,171465,171586,171468,171566,484.0,392.0,1,-92.0,1
sel223,22,171648,171648,171648,171633,171757,171640,171735,496.0,380.0,1,-116.0,1
sel223,23,171818,171818,171818,171803,171917,171811,171900,456.0,356.0,1,-100.0,1
sel223,24,171990,171990,171990,171976,172094,171983,172073,472.0,360.0,1,-112.0,1
sel223,25,172166,172166,172166,172150,172267,172160,172247,468.0,348.0,1,-120.0,1
sel223,26,172333,172333,172333,172319,172432,172326,172420,452.0,376.0,1,-76.0,1
sel223,27,172500,172500,172500,172485,172613,172495,172584,512.0,356.0,1,-156.0,1
sel223,28,172674,172674,172674,172659,172780,172667,172771,484.0,416.0,1,-68.0,1
sel223,29,172852,172852,172852,172838,172954,172843,172940,464.0,388.0,1,-76.0,1
sel223,30,180014,180014,180014,179995,180115,179999,180097,480.0,392.0,1,-88.0,1
sel230,0,150204,150204,150204,150190,150280,150193,150286,360.0,372.0,1,12.0,0
sel230,1,150396,150396,150396,150383,150471,150384,150478,352.0,376.0,1,24.0,0
sel230,2,150585,150585,150585,150570,150662,150573,150664,368.0,364.0,1,-4.0,0
sel230,3,150781,150781,150781,150768,150855,150768,150861,348.0,372.0,1,24.0,0
sel230,4,150981,150981,150981,150972,151061,150970,151068,356.0,392.0,1,36.0,0
sel230,5,151188,151188,151188,151177,151268,151176,151273,364.0,388.0,1,24.0,0
sel230,6,151387,151387,151387,151374,151463,151374,151470,356.0,384.0,1,28.0,0
sel230,7,151579,151579,151579,151568,151656,151562,151659,352.0,388.0,1,36.0,0
sel230,8,151768,151768,151768,151750,151851,151744,151854,404.0,440.0,1,36.0,0
sel230,9,151962,151962,151962,151936,152039,151937,152044,412.0,428.0,1,16.0,0
sel230,10,152157,152157,152157,152134,152240,152133,152242,424.0,436.0,1,12.0,0
sel230,11,152356,152356,152356,152335,152434,152330,152438,396.0,432.0,1,36.0,0
sel230,12,152554,152554,152554,152528,152636,152526,152641,432.0,460.0,1,28.0,0
sel230,13,152747,152747,152747,152721,152823,152719,152824,408.0,420.0,1,12.0,0
sel230,14,152940,152940,152940,152918,153014,152911,153022,384.0,444.0,1,60.0,1
sel230,15,153131,153131,153131,153104,153195,153107,153212,364.0,420.0,1,56.0,1
sel230,16,153333,153333,153333,153308,153416,153304,153419,432.0,460.0,1,28.0,0
sel230,17,153545,153545,153545,153527,153630,153514,153629,412.0,460.0,1,48.0,1
sel230,18,153767,153767,153767,153752,153847,153736,153848,380.0,448.0,1,68.0,1
sel230,19,153992,153992,153992,153963,154082,153963,154075,476.0,448.0,1,-28.0,0
sel230,20,154222,154222,154222,154210,154302,154210,154306,368.0,384.0,1,16.0,0
sel230,21,154433,154433,154433,154417,154510,154420,154515,372.0,380.0,1,8.0,0
sel230,22,154638,154638,154638,154617,154720,154612,154721,412.0,436.0,1,24.0,0
sel230,23,154844,154844,154844,154821,154931,154814,154928,440.0,456.0,1,16.0,0
sel230,24,155050,155050,155050,155026,155128,155021,155134,408.0,452.0,1,44.0,1
sel230,25,155253,155253,155253,155242,155330,155241,155335,352.0,376.0,1,24.0,0
sel230,26,155451,155451,155451,155439,155529,155438,155532,360.0,376.0,1,16.0,0
sel230,27,155653,155653,155653,155642,155736,155640,155739,376.0,396.0,1,20.0,0
sel230,28,155856,155856,155856,155840,155932,155843,155936,368.0,372.0,1,4.0,0
sel230,29,156064,156064,156064,156036,156153,156034,156149,468.0,460.0,1,-8.0,0
sel230,30,156275,156275,156275,156249,156353,156249,156358,416.0,436.0,1,20.0,0
sel230,31,156488,156488,156488,156462,156577,156461,156569,460.0,432.0,1,-28.0,0
sel230,32,156707,156707,156707,156682,156792,156681,156791,440.0,440.0,1,0.0,0
sel230,33,156922,156922,156922,156894,157003,156894,157009,436.0,460.0,1,24.0,0
sel230,34,159674,159674,159674,159661,159754,159661,159754,372.0,372.0,1,0.0,0
sel230,35,160312,160312,160312,160294,160389,160300,160395,380.0,380.0,1,0.0,0
sel230,36,160529,160529,160529,160516,160608,160516,160607,368.0,364.0,1,-4.0,0
sel230,37,161436,161436,161436,161422,161513,161424,161518,364.0,376.0,1,12.0,0
sel230,38,161658,161658,161658,161644,161737,161646,161735,372.0,356.0,1,-16.0,0
sel230,39,161863,161863,161863,161853,161944,161849,161947,364.0,392.0,1,28.0,0
sel230,40,162067,162067,162067,162056,162147,162055,162147,364.0,368.0,1,4.0,0
sel230,41,163132,163132,163132,163118,163207,163118,163211,356.0,372.0,1,16.0,0
sel230,42,164683,164683,164683,164669,164766,164670,164768,388.0,392.0,1,4.0,0
sel230,43,164906,164906,164906,164895,164981,164894,164992,344.0,392.0,1,48.0,1
sel230,44,165580,165580,165580,165570,165666,165567,165664,384.0,388.0,1,4.0,0
sel230,45,165807,165807,165807,165797,165892,165793,165889,380.0,384.0,1,4.0,0
sel230,46,166033,166033,166033,166017,166110,166018,166117,372.0,396.0,1,24.0,0
sel230,47,166256,166256,166256,166244,166333,166244,166339,356.0,380.0,1,24.0,0
sel230,48,166476,166476,166476,166463,166554,166465,166556,364.0,364.0,1,0.0,0
sel230,49,166674,166674,166674,166661,166752,166662,166759,364.0,388.0,1,24.0,0
