dataset,training_policy,cv_method,GBM,RF,XGB,LGB,reported_mean,source_table,selection_type
Gentianella campestris,RETRAIN,Random,0.761,0.723,0.776,0.779,0.760,Table 2,oracle_test_max
Gentianella campestris,RETRAIN,SP 200,0.761,0.723,0.777,0.779,0.760,Table 2,oracle_test_max
Gentianella campestris,RETRAIN,SP 422,0.764,0.728,0.790,0.779,0.765,Table 2,oracle_test_max
Gentianella campestris,RETRAIN,SP 600,0.765,0.733,0.776,0.779,0.763,Table 2,oracle_test_max
Gentianella campestris,RETRAIN,ENV,0.762,0.728,0.777,0.779,0.762,Table 2,oracle_test_max
Gentianella campestris,RETRAIN,SPT 200,0.758,0.721,0.771,0.779,0.757,Table 2,oracle_test_max
Gentianella campestris,RETRAIN,SPT 422,0.760,0.722,0.775,0.779,0.759,Table 2,oracle_test_max
Gentianella campestris,RETRAIN,SPT 600,0.761,0.731,0.772,0.779,0.761,Table 2,oracle_test_max
Gentianella campestris,RETRAIN,TSS,0.768,0.757,0.786,0.775,0.772,Table 2,oracle_test_max
Gentianella campestris,LAST FOLD,Random,0.750,0.722,0.787,0.773,0.758,Table 2,oracle_test_max
Gentianella campestris,LAST FOLD,SP 200,0.753,0.722,0.772,0.778,0.756,Table 2,oracle_test_max
Gentianella campestris,LAST FOLD,SP 422,0.777,0.746,0.789,0.783,0.774,Table 2,oracle_test_max
Gentianella campestris,LAST FOLD,SP 600,0.797,0.770,0.798,0.795,0.790,Table 2,oracle_test_max
Gentianella campestris,LAST FOLD,ENV,0.689,0.706,0.734,0.702,0.708,Table 2,oracle_test_max
Gentianella campestris,LAST FOLD,SPT 200,0.727,0.732,0.725,0.721,0.726,Table 2,oracle_test_max
Gentianella campestris,LAST FOLD,SPT 422,0.715,0.733,0.711,0.705,0.716,Table 2,oracle_test_max
Gentianella campestris,LAST FOLD,SPT 600,0.722,0.692,0.712,0.708,0.709,Table 2,oracle_test_max
Gentianella campestris,LAST FOLD,TSS,0.773,0.778,0.778,0.776,0.776,Table 2,oracle_test_max
Thaleichthys pacificus,RETRAIN,Random,0.826,0.825,0.827,0.817,0.824,Table 3,oracle_test_max
Thaleichthys pacificus,RETRAIN,SP 40,0.827,0.822,0.824,0.817,0.823,Table 3,oracle_test_max
Thaleichthys pacificus,RETRAIN,SP 85,0.826,0.818,0.827,0.817,0.822,Table 3,oracle_test_max
Thaleichthys pacificus,RETRAIN,SP 120,0.828,0.818,0.823,0.817,0.822,Table 3,oracle_test_max
Thaleichthys pacificus,RETRAIN,ENV,0.826,0.820,0.832,0.817,0.824,Table 3,oracle_test_max
Thaleichthys pacificus,RETRAIN,SPT 40,0.827,0.855,0.824,0.817,0.831,Table 3,oracle_test_max
Thaleichthys pacificus,RETRAIN,SPT 85,0.826,0.857,0.826,0.817,0.832,Table 3,oracle_test_max
Thaleichthys pacificus,RETRAIN,SPT 120,0.826,0.855,0.825,0.817,0.831,Table 3,oracle_test_max
Thaleichthys pacificus,RETRAIN,TSS,0.830,0.821,0.826,0.817,0.824,Table 3,oracle_test_max
Thaleichthys pacificus,LAST FOLD,Random,0.820,0.808,0.822,0.820,0.818,Table 3,oracle_test_max
Thaleichthys pacificus,LAST FOLD,SP 40,0.830,0.833,0.833,0.820,0.829,Table 3,oracle_test_max
Thaleichthys pacificus,LAST FOLD,SP 85,0.826,0.824,0.833,0.822,0.826,Table 3,oracle_test_max
Thaleichthys pacificus,LAST FOLD,SP 120,0.819,0.835,0.818,0.780,0.813,Table 3,oracle_test_max
Thaleichthys pacificus,LAST FOLD,ENV,0.813,0.819,0.809,0.806,0.812,Table 3,oracle_test_max
Thaleichthys pacificus,LAST FOLD,SPT 40,0.813,0.821,0.817,0.798,0.812,Table 3,oracle_test_max
Thaleichthys pacificus,LAST FOLD,SPT 85,0.814,0.818,0.809,0.790,0.808,Table 3,oracle_test_max
Thaleichthys pacificus,LAST FOLD,SPT 120,0.808,0.821,0.810,0.787,0.807,Table 3,oracle_test_max
Thaleichthys pacificus,LAST FOLD,TSS,0.836,0.830,0.828,0.817,0.828,Table 3,oracle_test_max
