id	domain	pairwise_all_pass	triple_overlap_match	cycle_ancestry_closes	conflict_global_visible	hidden_intermediate_loss	order_authority_same	global_descent_basis	later_higher_order_issue	expected
N1	natural	1	1	1	1	0	1	1	0	GLOBAL_AUTHORITY_DESCENT
N2	natural	1	1	0	1	0	1	1	0	CYCLE_ANCESTRY_DRIFT
N3	natural	1	0	1	1	0	1	1	0	TRIPLE_OVERLAP_MISMATCH
N4	natural	1	1	1	0	0	1	1	0	GLOBAL_CONFLICT_ERASURE
N5	natural	1	1	1	1	1	1	1	0	HIDDEN_INTERMEDIATE_OBLIGATION_LOSS
N6	natural	1	1	1	1	0	0	1	0	COMPOSITION_ORDER_AUTHORITY_REVERSAL
N7	natural	1	1	1	1	0	1	0	0	PAIRWISE_ONLY_AUTHORITY
N8	natural	1	1	1	1	0	1	1	1	REOPEN_HIGHER_ORDER_INCOMPATIBILITY
M1	math	1	1	1	1	0	1	1	0	GLOBAL_AUTHORITY_DESCENT
M2	math	1	1	0	1	0	1	1	0	CYCLE_ANCESTRY_DRIFT
M3	math	1	0	1	1	0	1	1	0	TRIPLE_OVERLAP_MISMATCH
M4	math	1	1	1	0	0	1	1	0	GLOBAL_CONFLICT_ERASURE
M5	math	1	1	1	1	1	1	1	0	HIDDEN_INTERMEDIATE_OBLIGATION_LOSS
M6	math	1	1	1	1	0	0	1	0	COMPOSITION_ORDER_AUTHORITY_REVERSAL
M7	math	0	1	1	1	0	1	0	0	PAIRWISE_ONLY_AUTHORITY
M8	math	1	1	1	1	0	1	1	1	REOPEN_HIGHER_ORDER_INCOMPATIBILITY
