species,protocol,minutes,availability,ci_lower,ci_upper,monitoring_periods
HenslowSparrow,song_only,5,0.435,0.38,0.53,54
HenslowSparrow,song_and_visible,5,0.391,0.34,0.49,54
HenslowSparrow,song_only,10,0.501,0.45,0.61,54
HenslowSparrow,song_and_visible,10,0.439,0.38,0.54,54
HenslowSparrow,line_transect,8.8,0.442,0.39,0.54,54
GrasshopperSparrow,song_only,5,0.115,0.09,0.14,80
GrasshopperSparrow,song_and_visible,5,0.103,0.08,0.13,80
GrasshopperSparrow,song_only,10,0.211,0.17,0.27,80
GrasshopperSparrow,song_and_visible,10,0.192,0.15,0.25,80
GrasshopperSparrow,line_transect,8.8,0.206,0.16,0.26,80
