source_doi,source_run,species,target,n_positive,n_negative,fold0_auc,fold1_auc,fold2_auc,fold3_auc,original_final_auc,fold_range,interior_fold0_auc,interior_fold1_auc,interior_fold2_auc,interior_fold3_auc,boundary_positive,boundary_negative,boundary_resolutions,max_abs_fold_boundary_delta
10.5281/zenodo.19970795,37786496173,Oxalis_latifolia,Oceania,105,2826,0.488346308091531,0.5178242847032656,0.5614262123816264,0.5193003740774441,0.5319297004010379,0.07307990429009537,0.488346308091531,0.5178242847032656,0.5614262123816264,0.5193003740774441,0,0,0,0
10.5281/zenodo.19970795,37786496173,Oxalis_latifolia,Africa,137,10065,0.79393431744754,0.7643630271846139,0.8338275660759806,0.8191920400607728,0.8102545135451681,0.06946453889136672,0.7943726074632536,0.7652231086175155,0.8344459542386254,0.8196290289588265,1,0,1,0.000860081432901616
10.5281/zenodo.19970795,37786496173,Oxalis_latifolia,Europe,449,2695,0.889418662788055,0.8806971583936267,0.891755333435257,0.8863630165570986,0.890261186474995,0.011058175041630314,0.8888021331647212,0.8800369393578875,0.8911553532950074,0.8857292611296455,3,0,1,0.0006602190357392068
10.5281/zenodo.19970795,37786496173,Digitaria_sanguinalis,Oceania,320,2640,0.2659593986742424,0.5453776041666667,0.6493868371212121,0.8757427793560606,0.7683723958333334,0.6097833806818183,0.2567204301075269,0.5330916693819919,0.6365401325078744,0.8663415064624742,41,0,30,0.0128467046133377
10.5281/zenodo.19970795,37786496173,Digitaria_sanguinalis,Africa,174,8178,0.5377723525129096,0.356673919093278,0.5116780231796549,0.7104015398756968,0.5593564033586044,0.35372762078241876,0.5440285972442496,0.3528482287076617,0.5094253898659028,0.7094823559044786,7,0,5,0.0062562447313400105
10.5281/zenodo.19970795,37786496173,Digitaria_sanguinalis,NorthAmerica,1070,6454,0.7097023073425449,0.7226439301570569,0.7156576809571112,0.7284572488553067,0.7209238492972554,0.018754941512761802,0.7093592682028405,0.7223909700580596,0.7152273564441534,0.7282092135343885,10,0,7,0.0004303245129578803
10.5281/zenodo.19970795,37786496173,Digitaria_sanguinalis,SouthAmerica,127,5204,0.6419441132502557,0.4914072760505244,0.5747539748346214,0.6743850883935434,0.6078637268727266,0.18297781234301896,0.648756171914694,0.48918367878685237,0.5709664339035162,0.6838001081306426,9,0,6,0.00941501973709924
10.5281/zenodo.19970795,37786496173,Amaranthus_retroflexus,Oceania,131,2775,0.9125809779244893,0.9064837356440409,0.9131641565229351,0.9206491988171378,0.9159026201774293,0.01416546317309686,0.9123598016621273,0.9063607793840353,0.9128989454570849,0.920396675745513,2,0,1,0.0002652110658502016
10.5281/zenodo.19970795,37786496173,Amaranthus_retroflexus,EastAsia,380,4454,0.7861168553399664,0.7985867227565996,0.7910769148961312,0.7944245858246874,0.794028135561175,0.01246986741663314,0.7868088074924626,0.7994079898547792,0.7918188120814973,0.7950801724095393,16,0,4,0.0008212670981796455
10.5281/zenodo.19970795,37786496173,Amaranthus_retroflexus,Europe,2635,3284,0.8000561055037708,0.8084821005530812,0.7987070888235063,0.8106602190599237,0.8107622605837745,0.01195313023641742,0.8002375082572183,0.8086417537913523,0.7988696088842558,0.8108198709318973,13,0,6,0.00018140275344746826
