case_id	case_type	family_relation	expected_partition_effect	exterior_status	family_ancestry_effect	transport_expectation	control_type	baseline_probe
R1	REFINEMENT_SPLIT	U_SUBSET_V	STRICT_REFINEMENT	DECLARED_NONE	NONE	NA	TARGET	PARTITION_LATTICE
R2	REFINEMENT_REDUNDANT	U_SUBSET_V	UNCHANGED	DECLARED_NONE	NONE	NA	NULL	PARTITION_LATTICE
R3	REFINEMENT_MERGE_IMPOSSIBLE	U_SUBSET_V	MERGE_FORBIDDEN	DECLARED_NONE	NONE	NA	NEGATIVE_CONTROL	PARTITION_LATTICE
C1	RESTRICTION_COLLAPSE	V_TO_U	COLLAPSE	DECLARED_NONE	NONE	NA	TARGET	PARTITION_LATTICE
C2	RESTRICTION_NO_CHANGE	V_TO_U	UNCHANGED	DECLARED_NONE	NONE	NA	NULL	PARTITION_LATTICE
N1	NONIDENTICAL_SAME_PARTITION	U_INCOMPARABLE_V	SAME_PARTITION	DECLARED_NONE	NONE	NA	TARGET	PREDICTIVE_EQUIVALENCE
M1	MULTIPLE_MINIMAL_FAMILIES	U_INCOMPARABLE_V	SAME_TARGET_PARTITION	DECLARED_NONE	NONE	NA	TARGET	HITTING_SET
M2	NONMINIMAL_SUPERSET	U_SUBSET_V	UNCHANGED	DECLARED_NONE	NONE	NA	BASELINE_WIN	HITTING_SET
E1	EXTERIOR_SEPARATOR	U_SUBSET_I	REFINEMENT_IF_ADMITTED	FROZEN_SEPARATOR	NONE	NA	TARGET	DISTINGUISHING_SEQUENCE
E2	EXTERIOR_REDUNDANT	U_SUBSET_I	UNCHANGED_IF_ADMITTED	FROZEN_NONSEPARATOR	NONE	NA	NULL	DISTINGUISHING_SEQUENCE
S1	ENDOGENOUS_SELF_SEAL	U_SELECTED_FROM_CURRENT_PARTITION	COARSE_PARTITION_PERSISTS	FROZEN_SEPARATOR_AVAILABLE	NONE	NA	TARGET	MQR462_BASELINE
S2	EXTERIORITY_AWARE_SELECTOR	U_SELECTED_WITH_RESERVE	REFINEMENT_DISCOVERED	FROZEN_SEPARATOR_AVAILABLE	NONE	NA	POSITIVE_CONTROL	MQR462_BASELINE
A1	FAMILY_ANCESTRY_NULL	SAME_CURRENT_FAMILY	UNCHANGED	DECLARED_NONE	NONE	NA	NULL	PRESENT_STATE_ABSORPTION
A2	ANCESTRY_MEDIATED_BY_ADMISSIBILITY	SAME_CURRENT_FAMILY	CONDITIONAL_ON_FUTURE_ENVELOPE	DECLARED_NONE	MEDIATED_BY_CURRENT_ENVELOPE	NA	BASELINE_WIN	PRESENT_STATE_ABSORPTION
T1	TRANSPORT_SEPARATION_PRESERVING	DOMAIN_A_TO_B	PARTITION_TRANSPORT	DECLARED_NONE	NONE	PRESERVE	TARGET	MORPHISM_BASELINE
T2	TRANSPORT_MANY_TO_ONE	DOMAIN_A_TO_B	COLLAPSE_POSSIBLE	DECLARED_NONE	NONE	BREAK	TARGET	MORPHISM_BASELINE
T3	TRANSPORT_LABEL_MATCH_ONLY	DOMAIN_A_TO_B	NO_AUTHORITY_TRANSFER	DECLARED_NONE	NONE	HOLD	NEGATIVE_CONTROL	SEMANTIC_TRANSPORT
O1	OPEN_WORLD_OVERCLAIM	U_SUBSET_UNKNOWN_UNIVERSE	UNIVERSAL_MINIMALITY_FORBIDDEN	EXTERIOR_UNKNOWN	NONE	NA	NEGATIVE_CONTROL	OPEN_WORLD
O2	CLOSED_FINITE_UNIVERSE	I_EXHAUSTIVELY_FROZEN	LOCAL_COMPLETENESS_ALLOWED	NO_EXTERIOR_BY_CONSTRUCTION	NONE	NA	POSITIVE_CONTROL	FINITE_ENUMERATION
