id	domain	scenario	live_graphs_disagree_on_cut	separator_targets_disagreement	prospective	claim_relevant_ambiguity	full_graph_needed	expected_state
S01	science	different_instrument_shared_calibration	YES	NO	YES	YES	NO	PARTIALLY_IDENTIFIED_BREAK
S02	science	different_instrument_independent_calibration_targeted_swap	YES	YES	YES	YES	NO	ROBUST_SEPARATION_WITHIN_DECLARED_FAMILY
S03	science	independent_raw_data_shared_preprocessing	YES	NO	YES	YES	NO	PARTIALLY_IDENTIFIED_BREAK
S04	science	independent_raw_data_independent_preprocessing_same_anomaly	YES	YES	YES	YES	NO	LOCALLY_SEPARATED_BREAK
S05	science	negative_control_not_discriminating_graphs	YES	NO	YES	YES	NO	DIAGNOSTIC_BREAK_ONLY
S06	science	targeted_calibration_intervention_discriminates	YES	YES	YES	YES	NO	ROBUST_SEPARATION_WITHIN_DECLARED_FAMILY
S07	science	graph_disagreement_only_irrelevant_dependency	YES	NO	YES	NO	NO	LOCALLY_SEPARATED_BREAK
S08	science	postoutcome_separator_rescue	YES	YES	NO	YES	NO	DIAGNOSTIC_BREAK_ONLY
M01	math	two_checkers_one_formalization	YES	NO	YES	YES	NO	PARTIALLY_IDENTIFIED_BREAK
M02	math	independent_reformalization_same_theorem	YES	YES	YES	YES	NO	LOCALLY_SEPARATED_BREAK
M03	math	different_libraries_shared_hidden_lemma	YES	NO	YES	YES	NO	PARTIALLY_IDENTIFIED_BREAK
M04	math	targeted_lemma_reconstruction_breaks_common_mode	YES	YES	YES	YES	NO	ROBUST_SEPARATION_WITHIN_DECLARED_FAMILY
M05	math	checker_difference_irrelevant_to_claim	YES	NO	YES	NO	NO	LOCALLY_SEPARATED_BREAK
M06	math	partial_theorem_correspondence	YES	YES	YES	YES	NO	LOCALLY_SEPARATED_BREAK
C01	control	single_selected_graph_only	YES	NO	YES	YES	NO	UNIDENTIFIED_BREAK
C02	control	all_live_graphs_agree_cut	NO	NO	YES	NO	NO	LOCALLY_SEPARATED_BREAK
C03	control	later_hidden_ancestor_discovered	NO	NO	YES	YES	NO	REOPEN_HIDDEN_COMMON_MODE
C04	control	later_evidence_restores_decisive_shared_path	NO	NO	YES	YES	NO	BREAK_DEFEATED
